{
    "music_disc.thealanparsonsprojectsirius": {
        "sounds": [
            {
                "name": "records/thealanparsonsprojectsirius",
                "stream": true
            }
        ]
    },
    "music_disc.thealanparsonsprojectsiriusglobal": {
        "sounds": [
            {
                "name": "records/thealanparsonsprojectsiriusglobal",
                "stream": true
            }
        ]
    },
    "music_disc.alansilvestriportals": {
        "sounds": [
            {
                "name": "records/alansilvestriportals",
                "stream": true
            }
        ]
    },
    "music_disc.alansilvestriportalsglobal": {
        "sounds": [
            {
                "name": "records/alansilvestriportalsglobal",
                "stream": true
            }
        ]
    }
}